en,Simon_Pegg,146,4536966,20160801-00,20160801-00,146
en,Simon_Pegg,170,5352225,20160801-01,20160801-01,170
en,Simon_Pegg,139,4552633,20160801-02,20160801-02,139
en,Simon_Pegg,175,5149558,20160801-03,20160801-03,175
en,Simon_Pegg,135,4114505,20160801-04,20160801-04,135
en,Simon_Pegg,109,3225857,20160801-05,20160801-05,109
en,Simon_Cowell,96,5334172,20160801-06,20160801-06,96
en,Simon_Pegg,96,3101797,20160801-06,20160801-06,96
en,Simon_Pegg,101,3399299,20160801-07,20160801-07,101
en,Simon_Pegg,119,3648693,20160801-08,20160801-08,119
en,Simon_Cowell,127,7016484,20160801-09,20160801-09,127
en,Simon_Cowell,148,8538674,20160801-10,20160801-10,148
en,Simon_Cowell,154,8763492,20160801-11,20160801-11,154
en,Simon_Cowell,131,7529562,20160801-12,20160801-12,131
en,Simon_Pegg,127,4059223,20160801-13,20160801-13,127
en,Simon_Helberg,176,3422892,20160801-14,20160801-14,176
en,Simon_Pegg,173,5483982,20160801-15,20160801-15,173
en,Simon_Pegg,180,5891906,20160801-16,20160801-16,180
en,Simon_Pegg,149,4687403,20160801-17,20160801-17,149
en,Simon_Pegg,146,4559105,20160801-18,20160801-18,146
en,Simon_Pegg,164,5030327,20160801-19,20160801-19,164
en,Simon_Pegg,177,5421440,20160801-20,20160801-20,177
en,Simon_Pegg,178,5501557,20160801-21,20160801-21,178
en,Simon_Pegg,165,5013402,20160801-22,20160801-22,165
en,Simon_Pegg,139,4465120,20160801-23,20160801-23,139
en,Simon_Pegg,139,4559167,20160802-00,20160802-00,139
en,Simon_Pegg,108,3259785,20160802-01,20160802-01,108
en,Simon_Pegg,167,5148278,20160802-02,20160802-02,167
en,Simon_Pegg,109,3558257,20160802-03,20160802-03,109
en,Simon_Pegg,107,3292191,20160802-04,20160802-04,107
en,Simon_Helberg,303,5863563,20160802-05,20160802-05,303
en,Simon_Cowell,95,5391455,20160802-06,20160802-06,95
en,Simon_Cowell,82,4662655,20160802-07,20160802-07,82
en,Simon_Helberg,91,1644596,20160802-08,20160802-08,91
en,Simon_Cowell,81,4429937,20160802-09,20160802-09,81
en,Simon_Cowell,125,7691228,20160802-10,20160802-10,125
en,Simon_Cowell,149,8395672,20160802-11,20160802-11,149
en,Simon_Cowell,148,8484496,20160802-12,20160802-12,148
en,Simon_Pegg,140,4433789,20160802-13,20160802-13,140
en,Simon_Helberg,198,3847240,20160802-14,20160802-14,198
en,Simon_Cowell,156,8756759,20160802-15,20160802-15,156
en,Simon_Helberg,179,3479246,20160802-16,20160802-16,179
en,Simon_Pegg,141,4465231,20160802-17,20160802-17,141
en,Simon_Cowell,163,9205281,20160802-18,20160802-18,163
en,Simon_Pegg,155,4886372,20160802-19,20160802-19,155
en,Simon_Pegg,158,5059896,20160802-20,20160802-20,158
en,Simon_Pegg,142,4607105,20160802-21,20160802-21,142
en,Simon_Pegg,132,4042895,20160802-22,20160802-22,132
en,Simon_Pegg,129,4084198,20160802-23,20160802-23,129
